budget_year,REG_ONCB,REG_NAME,PROV_ID,PROV_NAME,complainAll,complainAll_action,percentActionAll,complain_area,complain_area_action,percentActionArea,complain_per,complain_per_action,percentActionPerson
2558,01,ปปส.ภาค 1,11,สมุทรปราการ,575,363,63.13,201,131,65.17,374,232,62.03
2558,01,ปปส.ภาค 1,12,นนทบุรี,553,194,35.08,219,60,27.4,334,134,40.12
2558,01,ปปส.ภาค 1,13,ปทุมธานี,518,453,87.45,203,175,86.21,315,278,88.25
2558,01,ปปส.ภาค 1,14,พระนครศรีอยุธยา,393,294,74.81,69,48,69.57,324,246,75.93
2558,01,ปปส.ภาค 1,15,อ่างทอง,56,49,87.5,10,9,90,46,40,86.96
2558,01,ปปส.ภาค 1,16,ลพบุรี,205,162,79.02,45,35,77.78,160,127,79.38
2558,01,ปปส.ภาค 1,17,สิงห์บุรี,97,62,63.92,14,7,50,83,55,66.27
2558,01,ปปส.ภาค 1,18,ชัยนาท,36,30,83.33,7,6,85.71,29,24,82.76
2558,01,ปปส.ภาค 1,19,สระบุรี,241,150,62.24,63,37,58.73,178,113,63.48
2558,02,ปปส.ภาค 2,20,ชลบุรี,359,349,97.21,98,98,100,261,251,96.17
2558,02,ปปส.ภาค 2,21,ระยอง,299,291,97.32,68,68,100,231,223,96.54
2558,02,ปปส.ภาค 2,22,จันทบุรี,54,53,98.15,10,10,100,44,43,97.73
2558,02,ปปส.ภาค 2,23,ตราด,15,13,86.67,3,3,100,12,10,83.33
2558,02,ปปส.ภาค 2,24,ฉะเชิงเทรา,130,125,96.15,36,36,100,94,89,94.68
2558,02,ปปส.ภาค 2,25,ปราจีนบุรี,154,142,92.21,25,24,96,129,118,91.47
2558,02,ปปส.ภาค 2,26,นครนายก,109,101,92.66,20,18,90,89,83,93.26
2558,02,ปปส.ภาค 2,27,สระแก้ว,59,53,89.83,11,11,100,48,42,87.5
2558,03,ปปส.ภาค 3,30,นครราชสีมา,221,219,99.1,34,33,97.06,187,186,99.47
2558,03,ปปส.ภาค 3,31,บุรีรัมย์,110,110,100,13,13,100,97,97,100
2558,03,ปปส.ภาค 3,32,สุรินทร์,66,66,100,8,8,100,58,58,100
2558,03,ปปส.ภาค 3,33,ศรีสะเกษ,133,133,100,23,23,100,110,110,100
2558,03,ปปส.ภาค 3,34,อุบลราชธานี,239,239,100,30,30,100,209,209,100
2558,03,ปปส.ภาค 3,35,ยโสธร,78,78,100,12,12,100,66,66,100
2558,03,ปปส.ภาค 3,36,ชัยภูมิ,119,118,99.16,18,17,94.44,101,101,100
2558,03,ปปส.ภาค 3,37,อำนาจเจริญ,43,42,97.67,7,6,85.71,36,36,100
2558,04,ปปส.ภาค 4,38,บึงกาฬ,55,53,96.36,7,7,100,48,46,95.83
2558,04,ปปส.ภาค 4,39,หนองบัวลำภู,16,16,100,2,2,100,14,14,100
2558,04,ปปส.ภาค 4,40,ขอนแก่น,226,175,77.43,27,6,22.22,199,169,84.92
2558,04,ปปส.ภาค 4,41,อุดรธานี,183,130,71.04,27,19,70.37,156,111,71.15
2558,04,ปปส.ภาค 4,42,เลย,83,83,100,9,9,100,74,74,100
2558,04,ปปส.ภาค 4,43,หนองคาย,39,39,100,6,6,100,33,33,100
2558,04,ปปส.ภาค 4,44,มหาสารคาม,72,68,94.44,5,2,40,67,66,98.51
2558,04,ปปส.ภาค 4,45,ร้อยเอ็ด,104,101,97.12,11,9,81.82,93,92,98.92
2558,04,ปปส.ภาค 4,46,กาฬสินธุ์,164,127,77.44,26,7,26.92,138,120,86.96
2558,04,ปปส.ภาค 4,47,สกลนคร,113,113,100,21,21,100,92,92,100
2558,04,ปปส.ภาค 4,48,นครพนม,76,66,86.84,12,11,91.67,64,55,85.94
2558,04,ปปส.ภาค 4,49,มุกดาหาร,44,43,97.73,4,4,100,40,39,97.5
2558,05,ปปส.ภาค 5,50,เชียงใหม่,238,232,97.48,47,43,91.49,191,189,98.95
2558,05,ปปส.ภาค 5,51,ลำพูน,91,74,81.32,19,11,57.89,72,63,87.5
2558,05,ปปส.ภาค 5,52,ลำปาง,139,117,84.17,24,20,83.33,115,97,84.35
2558,05,ปปส.ภาค 5,54,แพร่,66,66,100,11,11,100,55,55,100
2558,05,ปปส.ภาค 5,55,น่าน,94,85,90.43,10,10,100,84,75,89.29
2558,05,ปปส.ภาค 5,56,พะเยา,43,41,95.35,2,0,0,41,41,100
2558,05,ปปส.ภาค 5,57,เชียงราย,159,97,61.01,28,16,57.14,131,81,61.83
2558,05,ปปส.ภาค 5,58,แม่ฮ่องสอน,30,28,93.33,5,4,80,25,24,96
2558,06,ปปส.ภาค 6,53,อุตรดิตถ์,89,89,100,12,12,100,77,77,100
2558,06,ปปส.ภาค 6,60,นครสวรรค์,248,248,100,45,45,100,203,203,100
2558,06,ปปส.ภาค 6,61,อุทัยธานี,16,16,100,2,2,100,14,14,100
2558,06,ปปส.ภาค 6,62,กำแพงเพชร,69,69,100,9,9,100,60,60,100
2558,06,ปปส.ภาค 6,63,ตาก,32,32,100,3,3,100,29,29,100
2558,06,ปปส.ภาค 6,64,สุโขทัย,81,81,100,17,17,100,64,64,100
2558,06,ปปส.ภาค 6,65,พิษณุโลก,76,76,100,17,17,100,59,59,100
2558,06,ปปส.ภาค 6,66,พิจิตร,91,91,100,13,13,100,78,78,100
2558,06,ปปส.ภาค 6,67,เพชรบูรณ์,85,84,98.82,17,17,100,68,67,98.53
2558,07,ปปส.ภาค 7,70,ราชบุรี,194,194,100,36,36,100,158,158,100
2558,07,ปปส.ภาค 7,71,กาญจนบุรี,266,266,100,55,55,100,211,211,100
2558,07,ปปส.ภาค 7,72,สุพรรณบุรี,245,245,100,40,40,100,205,205,100
2558,07,ปปส.ภาค 7,73,นครปฐม,206,206,100,44,44,100,162,162,100
2558,07,ปปส.ภาค 7,74,สมุทรสาคร,187,187,100,60,60,100,127,127,100
2558,07,ปปส.ภาค 7,75,สมุทรสงคราม,44,44,100,14,14,100,30,30,100
2558,07,ปปส.ภาค 7,76,เพชรบุรี,82,82,100,5,5,100,77,77,100
2558,07,ปปส.ภาค 7,77,ประจวบคีรีขันธ์,90,90,100,17,17,100,73,73,100
2558,08,ปปส.ภาค 8,80,นครศรีธรรมราช,220,220,100,46,46,100,174,174,100
2558,08,ปปส.ภาค 8,81,กระบี่,100,100,100,26,26,100,74,74,100
2558,08,ปปส.ภาค 8,82,พังงา,73,73,100,13,13,100,60,60,100
2558,08,ปปส.ภาค 8,83,ภูเก็ต,84,84,100,32,32,100,52,52,100
2558,08,ปปส.ภาค 8,84,สุราษฎร์ธานี,253,253,100,54,54,100,199,199,100
2558,08,ปปส.ภาค 8,85,ระนอง,13,13,100,2,2,100,11,11,100
2558,08,ปปส.ภาค 8,86,ชุมพร,147,147,100,30,30,100,117,117,100
2558,09,ปปส.ภาค 9,90,สงขลา,191,105,54.97,56,28,50,135,77,57.04
2558,09,ปปส.ภาค 9,91,สตูล,36,35,97.22,11,11,100,25,24,96
2558,09,ปปส.ภาค 9,92,ตรัง,73,51,69.86,14,8,57.14,59,43,72.88
2558,09,ปปส.ภาค 9,93,พัทลุง,42,41,97.62,14,13,92.86,28,28,100
2558,09,ปปส.ภาค 9,94,ปัตตานี,22,22,100,8,8,100,14,14,100
2558,09,ปปส.ภาค 9,95,ยะลา,21,21,100,4,4,100,17,17,100
2558,09,ปปส.ภาค 9,96,นราธิวาส,32,32,100,3,3,100,29,29,100
2558,10,กรุงเทพมหานคร,10,กรุงเทพมหานคร,3112,1346,43.25,1282,688,53.67,1830,658,35.96
2559,01,ปปส.ภาค 1,11,สมุทรปราการ,568,568,100,163,163,100,405,405,100
2559,01,ปปส.ภาค 1,12,นนทบุรี,591,591,100,160,160,100,431,431,100
2559,01,ปปส.ภาค 1,13,ปทุมธานี,524,524,100,165,165,100,359,359,100
2559,01,ปปส.ภาค 1,14,พระนครศรีอยุธยา,344,344,100,68,68,100,276,276,100
2559,01,ปปส.ภาค 1,15,อ่างทอง,53,53,100,8,8,100,45,45,100
2559,01,ปปส.ภาค 1,16,ลพบุรี,178,178,100,16,16,100,162,162,100
2559,01,ปปส.ภาค 1,17,สิงห์บุรี,63,63,100,6,6,100,57,57,100
2559,01,ปปส.ภาค 1,18,ชัยนาท,44,44,100,8,8,100,36,36,100
2559,01,ปปส.ภาค 1,19,สระบุรี,206,206,100,36,36,100,170,170,100
2559,02,ปปส.ภาค 2,20,ชลบุรี,432,432,100,96,96,100,336,336,100
2559,02,ปปส.ภาค 2,21,ระยอง,195,195,100,43,43,100,152,152,100
2559,02,ปปส.ภาค 2,22,จันทบุรี,57,57,100,9,9,100,48,48,100
2559,02,ปปส.ภาค 2,23,ตราด,10,10,100,0,0,0,10,10,100
2559,02,ปปส.ภาค 2,24,ฉะเชิงเทรา,143,143,100,25,25,100,118,118,100
2559,02,ปปส.ภาค 2,25,ปราจีนบุรี,127,127,100,21,21,100,106,106,100
2559,02,ปปส.ภาค 2,26,นครนายก,81,81,100,13,13,100,68,68,100
2559,02,ปปส.ภาค 2,27,สระแก้ว,78,78,100,10,10,100,68,68,100
2559,03,ปปส.ภาค 3,30,นครราชสีมา,183,183,100,16,16,100,167,167,100
2559,03,ปปส.ภาค 3,31,บุรีรัมย์,143,143,100,17,17,100,126,126,100
2559,03,ปปส.ภาค 3,32,สุรินทร์,51,51,100,2,2,100,49,49,100
2559,03,ปปส.ภาค 3,33,ศรีสะเกษ,153,153,100,13,13,100,140,140,100
2559,03,ปปส.ภาค 3,34,อุบลราชธานี,128,128,100,12,12,100,116,116,100
2559,03,ปปส.ภาค 3,35,ยโสธร,60,60,100,5,5,100,55,55,100
2559,03,ปปส.ภาค 3,36,ชัยภูมิ,85,85,100,10,10,100,75,75,100
2559,03,ปปส.ภาค 3,37,อำนาจเจริญ,33,33,100,2,2,100,31,31,100
2559,04,ปปส.ภาค 4,38,บึงกาฬ,30,30,100,3,3,100,27,27,100
2559,04,ปปส.ภาค 4,39,หนองบัวลำภู,27,27,100,3,3,100,24,24,100
2559,04,ปปส.ภาค 4,40,ขอนแก่น,160,160,100,15,15,100,145,145,100
2559,04,ปปส.ภาค 4,41,อุดรธานี,193,193,100,14,14,100,179,179,100
2559,04,ปปส.ภาค 4,42,เลย,75,75,100,3,3,100,72,72,100
2559,04,ปปส.ภาค 4,43,หนองคาย,39,39,100,7,7,100,32,32,100
2559,04,ปปส.ภาค 4,44,มหาสารคาม,62,62,100,2,2,100,60,60,100
2559,04,ปปส.ภาค 4,45,ร้อยเอ็ด,115,115,100,9,9,100,106,106,100
2559,04,ปปส.ภาค 4,46,กาฬสินธุ์,186,186,100,16,16,100,170,170,100
2559,04,ปปส.ภาค 4,47,สกลนคร,97,97,100,6,6,100,91,91,100
2559,04,ปปส.ภาค 4,48,นครพนม,61,61,100,7,7,100,54,54,100
2559,04,ปปส.ภาค 4,49,มุกดาหาร,34,34,100,2,2,100,32,32,100
2559,05,ปปส.ภาค 5,50,เชียงใหม่,193,193,100,31,31,100,162,162,100
2559,05,ปปส.ภาค 5,51,ลำพูน,69,69,100,6,6,100,63,63,100
2559,05,ปปส.ภาค 5,52,ลำปาง,115,115,100,7,7,100,108,108,100
2559,05,ปปส.ภาค 5,54,แพร่,57,57,100,9,9,100,48,48,100
2559,05,ปปส.ภาค 5,55,น่าน,73,73,100,1,1,100,72,72,100
2559,05,ปปส.ภาค 5,56,พะเยา,62,62,100,6,6,100,56,56,100
2559,05,ปปส.ภาค 5,57,เชียงราย,100,100,100,15,15,100,85,85,100
2559,05,ปปส.ภาค 5,58,แม่ฮ่องสอน,15,15,100,2,2,100,13,13,100
2559,06,ปปส.ภาค 6,53,อุตรดิตถ์,77,77,100,11,11,100,66,66,100
2559,06,ปปส.ภาค 6,60,นครสวรรค์,160,160,100,16,16,100,144,144,100
2559,06,ปปส.ภาค 6,61,อุทัยธานี,9,9,100,0,0,0,9,9,100
2559,06,ปปส.ภาค 6,62,กำแพงเพชร,79,79,100,6,6,100,73,73,100
2559,06,ปปส.ภาค 6,63,ตาก,35,35,100,2,2,100,33,33,100
2559,06,ปปส.ภาค 6,64,สุโขทัย,61,61,100,8,8,100,53,53,100
2559,06,ปปส.ภาค 6,65,พิษณุโลก,51,51,100,2,2,100,49,49,100
2559,06,ปปส.ภาค 6,66,พิจิตร,54,54,100,3,3,100,51,51,100
2559,06,ปปส.ภาค 6,67,เพชรบูรณ์,86,86,100,7,7,100,79,79,100
2559,07,ปปส.ภาค 7,70,ราชบุรี,181,181,100,27,27,100,154,154,100
2559,07,ปปส.ภาค 7,71,กาญจนบุรี,245,245,100,28,28,100,217,217,100
2559,07,ปปส.ภาค 7,72,สุพรรณบุรี,176,176,100,25,25,100,151,151,100
2559,07,ปปส.ภาค 7,73,นครปฐม,178,178,100,34,34,100,144,144,100
2559,07,ปปส.ภาค 7,74,สมุทรสาคร,188,188,100,39,39,100,149,149,100
2559,07,ปปส.ภาค 7,75,สมุทรสงคราม,54,54,100,13,13,100,41,41,100
2559,07,ปปส.ภาค 7,76,เพชรบุรี,88,88,100,4,4,100,84,84,100
2559,07,ปปส.ภาค 7,77,ประจวบคีรีขันธ์,94,94,100,10,10,100,84,84,100
2559,08,ปปส.ภาค 8,80,นครศรีธรรมราช,145,145,100,16,16,100,129,129,100
2559,08,ปปส.ภาค 8,81,กระบี่,64,64,100,14,14,100,50,50,100
2559,08,ปปส.ภาค 8,82,พังงา,44,44,100,7,7,100,37,37,100
2559,08,ปปส.ภาค 8,83,ภูเก็ต,92,92,100,20,20,100,72,72,100
2559,08,ปปส.ภาค 8,84,สุราษฎร์ธานี,179,179,100,32,32,100,147,147,100
2559,08,ปปส.ภาค 8,85,ระนอง,10,10,100,0,0,0,10,10,100
2559,08,ปปส.ภาค 8,86,ชุมพร,120,120,100,31,31,100,89,89,100
2559,09,ปปส.ภาค 9,90,สงขลา,141,141,100,38,38,100,103,103,100
2559,09,ปปส.ภาค 9,91,สตูล,14,14,100,1,1,100,13,13,100
2559,09,ปปส.ภาค 9,92,ตรัง,58,58,100,9,9,100,49,49,100
2559,09,ปปส.ภาค 9,93,พัทลุง,29,29,100,3,3,100,26,26,100
2559,09,ปปส.ภาค 9,94,ปัตตานี,32,32,100,3,3,100,29,29,100
2559,09,ปปส.ภาค 9,95,ยะลา,18,18,100,3,3,100,15,15,100
2559,09,ปปส.ภาค 9,96,นราธิวาส,23,23,100,2,2,100,21,21,100
2559,10,กรุงเทพมหานคร,10,กรุงเทพมหานคร,3013,3013,100,1017,1017,100,1996,1996,100
2560,01,ปปส.ภาค 1,11,สมุทรปราการ,541,541,100,163,163,100,378,378,100
2560,01,ปปส.ภาค 1,12,นนทบุรี,502,501,99.8,145,145,100,356,356,100
2560,01,ปปส.ภาค 1,13,ปทุมธานี,535,535,100,173,173,100,362,362,100
2560,01,ปปส.ภาค 1,14,พระนครศรีอยุธยา,387,387,100,61,61,100,326,326,100
2560,01,ปปส.ภาค 1,15,อ่างทอง,90,90,100,9,9,100,81,81,100
2560,01,ปปส.ภาค 1,16,ลพบุรี,214,214,100,19,19,100,195,195,100
2560,01,ปปส.ภาค 1,17,สิงห์บุรี,64,64,100,7,7,100,57,57,100
2560,01,ปปส.ภาค 1,18,ชัยนาท,57,57,100,5,5,100,52,52,100
2560,01,ปปส.ภาค 1,19,สระบุรี,275,275,100,39,39,100,236,236,100
2560,02,ปปส.ภาค 2,20,ชลบุรี,477,477,100,98,98,100,379,379,100
2560,02,ปปส.ภาค 2,21,ระยอง,177,177,100,30,30,100,147,147,100
2560,02,ปปส.ภาค 2,22,จันทบุรี,80,80,100,2,2,100,78,78,100
2560,02,ปปส.ภาค 2,23,ตราด,18,18,100,1,1,100,17,17,100
2560,02,ปปส.ภาค 2,24,ฉะเชิงเทรา,128,128,100,21,21,100,107,107,100
2560,02,ปปส.ภาค 2,25,ปราจีนบุรี,111,111,100,13,13,100,98,98,100
2560,02,ปปส.ภาค 2,26,นครนายก,88,88,100,7,7,100,81,81,100
2560,02,ปปส.ภาค 2,27,สระแก้ว,70,70,100,6,6,100,64,64,100
2560,03,ปปส.ภาค 3,30,นครราชสีมา,186,186,100,22,22,100,164,164,100
2560,03,ปปส.ภาค 3,31,บุรีรัมย์,177,177,100,14,14,100,163,163,100
2560,03,ปปส.ภาค 3,32,สุรินทร์,53,53,100,4,4,100,49,49,100
2560,03,ปปส.ภาค 3,33,ศรีสะเกษ,209,209,100,20,20,100,189,189,100
2560,03,ปปส.ภาค 3,34,อุบลราชธานี,200,200,100,25,25,100,175,175,100
2560,03,ปปส.ภาค 3,35,ยโสธร,96,96,100,7,7,100,89,89,100
2560,03,ปปส.ภาค 3,36,ชัยภูมิ,148,148,100,12,12,100,136,136,100
2560,03,ปปส.ภาค 3,37,อำนาจเจริญ,36,36,100,6,6,100,30,30,100
2560,04,ปปส.ภาค 4,38,บึงกาฬ,50,50,100,3,3,100,47,47,100
2560,04,ปปส.ภาค 4,39,หนองบัวลำภู,34,34,100,5,5,100,29,29,100
2560,04,ปปส.ภาค 4,40,ขอนแก่น,257,257,100,18,18,100,239,239,100
2560,04,ปปส.ภาค 4,41,อุดรธานี,173,173,100,15,15,100,158,158,100
2560,04,ปปส.ภาค 4,42,เลย,126,126,100,10,10,100,116,116,100
2560,04,ปปส.ภาค 4,43,หนองคาย,40,40,100,6,6,100,34,34,100
2560,04,ปปส.ภาค 4,44,มหาสารคาม,86,86,100,9,9,100,77,77,100
2560,04,ปปส.ภาค 4,45,ร้อยเอ็ด,176,176,100,14,14,100,162,162,100
2560,04,ปปส.ภาค 4,46,กาฬสินธุ์,141,141,100,11,11,100,130,130,100
2560,04,ปปส.ภาค 4,47,สกลนคร,147,147,100,6,6,100,141,141,100
2560,04,ปปส.ภาค 4,48,นครพนม,86,86,100,4,4,100,82,82,100
2560,04,ปปส.ภาค 4,49,มุกดาหาร,23,23,100,3,3,100,20,20,100
2560,05,ปปส.ภาค 5,50,เชียงใหม่,241,241,100,39,39,100,202,202,100
2560,05,ปปส.ภาค 5,51,ลำพูน,66,66,100,9,9,100,57,57,100
2560,05,ปปส.ภาค 5,52,ลำปาง,159,159,100,16,16,100,143,143,100
2560,05,ปปส.ภาค 5,54,แพร่,61,61,100,6,6,100,55,55,100
2560,05,ปปส.ภาค 5,55,น่าน,114,114,100,5,5,100,109,109,100
2560,05,ปปส.ภาค 5,56,พะเยา,50,50,100,5,5,100,45,45,100
2560,05,ปปส.ภาค 5,57,เชียงราย,103,103,100,17,17,100,86,86,100
2560,05,ปปส.ภาค 5,58,แม่ฮ่องสอน,7,7,100,1,1,100,6,6,100
2560,06,ปปส.ภาค 6,53,อุตรดิตถ์,127,127,100,16,16,100,111,111,100
2560,06,ปปส.ภาค 6,60,นครสวรรค์,182,182,100,12,12,100,170,170,100
2560,06,ปปส.ภาค 6,61,อุทัยธานี,27,27,100,6,6,100,21,21,100
2560,06,ปปส.ภาค 6,62,กำแพงเพชร,90,90,100,3,3,100,87,87,100
2560,06,ปปส.ภาค 6,63,ตาก,30,30,100,7,7,100,23,23,100
2560,06,ปปส.ภาค 6,64,สุโขทัย,71,71,100,4,4,100,67,67,100
2560,06,ปปส.ภาค 6,65,พิษณุโลก,94,94,100,11,11,100,83,83,100
2560,06,ปปส.ภาค 6,66,พิจิตร,96,96,100,8,8,100,88,88,100
2560,06,ปปส.ภาค 6,67,เพชรบูรณ์,185,185,100,13,13,100,172,172,100
2560,07,ปปส.ภาค 7,70,ราชบุรี,218,218,100,23,23,100,195,195,100
2560,07,ปปส.ภาค 7,71,กาญจนบุรี,286,286,100,26,26,100,260,260,100
2560,07,ปปส.ภาค 7,72,สุพรรณบุรี,219,219,100,15,15,100,204,204,100
2560,07,ปปส.ภาค 7,73,นครปฐม,194,194,100,40,40,100,154,154,100
2560,07,ปปส.ภาค 7,74,สมุทรสาคร,199,199,100,53,53,100,146,146,100
2560,07,ปปส.ภาค 7,75,สมุทรสงคราม,44,44,100,13,13,100,31,31,100
2560,07,ปปส.ภาค 7,76,เพชรบุรี,107,107,100,11,11,100,96,96,100
2560,07,ปปส.ภาค 7,77,ประจวบคีรีขันธ์,205,205,100,25,25,100,180,180,100
2560,08,ปปส.ภาค 8,80,นครศรีธรรมราช,120,120,100,16,16,100,104,104,100
2560,08,ปปส.ภาค 8,81,กระบี่,83,83,100,13,13,100,70,70,100
2560,08,ปปส.ภาค 8,82,พังงา,32,32,100,11,11,100,21,21,100
2560,08,ปปส.ภาค 8,83,ภูเก็ต,74,74,100,34,34,100,40,40,100
2560,08,ปปส.ภาค 8,84,สุราษฎร์ธานี,152,152,100,27,27,100,125,125,100
2560,08,ปปส.ภาค 8,85,ระนอง,17,17,100,3,3,100,14,14,100
2560,08,ปปส.ภาค 8,86,ชุมพร,101,101,100,22,22,100,79,79,100
2560,09,ปปส.ภาค 9,90,สงขลา,182,182,100,38,38,100,144,144,100
2560,09,ปปส.ภาค 9,91,สตูล,13,13,100,3,3,100,10,10,100
2560,09,ปปส.ภาค 9,92,ตรัง,99,99,100,15,15,100,84,84,100
2560,09,ปปส.ภาค 9,93,พัทลุง,30,30,100,4,4,100,26,26,100
2560,09,ปปส.ภาค 9,94,ปัตตานี,21,21,100,1,1,100,20,20,100
2560,09,ปปส.ภาค 9,95,ยะลา,15,15,100,6,6,100,9,9,100
2560,09,ปปส.ภาค 9,96,นราธิวาส,14,14,100,3,3,100,11,11,100
2560,10,กรุงเทพมหานคร,10,กรุงเทพมหานคร,2931,2931,100,996,996,100,1935,1935,100
2561,01,ปปส.ภาค 1,11,สมุทรปราการ,602,602,100,157,157,100,445,445,100
2561,01,ปปส.ภาค 1,12,นนทบุรี,596,596,100,159,159,100,437,437,100
2561,01,ปปส.ภาค 1,13,ปทุมธานี,678,678,100,170,170,100,508,508,100
2561,01,ปปส.ภาค 1,14,พระนครศรีอยุธยา,411,411,100,59,59,100,352,352,100
2561,01,ปปส.ภาค 1,15,อ่างทอง,110,110,100,9,9,100,101,101,100
2561,01,ปปส.ภาค 1,16,ลพบุรี,251,251,100,29,29,100,222,222,100
2561,01,ปปส.ภาค 1,17,สิงห์บุรี,84,84,100,13,13,100,71,71,100
2561,01,ปปส.ภาค 1,18,ชัยนาท,100,100,100,9,9,100,91,91,100
2561,01,ปปส.ภาค 1,19,สระบุรี,326,326,100,36,36,100,290,290,100
2561,02,ปปส.ภาค 2,20,ชลบุรี,550,550,100,135,135,100,415,415,100
2561,02,ปปส.ภาค 2,21,ระยอง,197,197,100,24,24,100,173,173,100
2561,02,ปปส.ภาค 2,22,จันทบุรี,102,102,100,18,18,100,84,84,100
2561,02,ปปส.ภาค 2,23,ตราด,32,32,100,5,5,100,27,27,100
2561,02,ปปส.ภาค 2,24,ฉะเชิงเทรา,179,179,100,19,19,100,160,160,100
2561,02,ปปส.ภาค 2,25,ปราจีนบุรี,141,141,100,14,14,100,127,127,100
2561,02,ปปส.ภาค 2,26,นครนายก,92,92,100,17,17,100,75,75,100
2561,02,ปปส.ภาค 2,27,สระแก้ว,110,110,100,9,9,100,101,101,100
2561,03,ปปส.ภาค 3,30,นครราชสีมา,279,279,100,30,30,100,249,249,100
2561,03,ปปส.ภาค 3,31,บุรีรัมย์,173,173,100,14,14,100,159,159,100
2561,03,ปปส.ภาค 3,32,สุรินทร์,81,81,100,9,9,100,72,72,100
2561,03,ปปส.ภาค 3,33,ศรีสะเกษ,233,233,100,22,22,100,211,211,100
2561,03,ปปส.ภาค 3,34,อุบลราชธานี,224,224,100,15,15,100,209,209,100
2561,03,ปปส.ภาค 3,35,ยโสธร,80,80,100,1,1,100,79,79,100
2561,03,ปปส.ภาค 3,36,ชัยภูมิ,189,189,100,17,17,100,172,172,100
2561,03,ปปส.ภาค 3,37,อำนาจเจริญ,43,43,100,4,4,100,39,39,100
2561,04,ปปส.ภาค 4,38,บึงกาฬ,47,47,100,4,4,100,43,43,100
2561,04,ปปส.ภาค 4,39,หนองบัวลำภู,51,51,100,7,7,100,44,44,100
2561,04,ปปส.ภาค 4,40,ขอนแก่น,365,365,100,32,32,100,333,333,100
2561,04,ปปส.ภาค 4,41,อุดรธานี,248,248,100,16,16,100,232,232,100
2561,04,ปปส.ภาค 4,42,เลย,86,86,100,8,8,100,78,78,100
2561,04,ปปส.ภาค 4,43,หนองคาย,49,49,100,7,7,100,42,42,100
2561,04,ปปส.ภาค 4,44,มหาสารคาม,148,148,100,9,9,100,139,139,100
2561,04,ปปส.ภาค 4,45,ร้อยเอ็ด,203,203,100,22,22,100,181,181,100
2561,04,ปปส.ภาค 4,46,กาฬสินธุ์,191,191,100,20,20,100,171,171,100
2561,04,ปปส.ภาค 4,47,สกลนคร,124,124,100,17,17,100,107,107,100
2561,04,ปปส.ภาค 4,48,นครพนม,69,69,100,7,7,100,62,62,100
2561,04,ปปส.ภาค 4,49,มุกดาหาร,57,57,100,4,4,100,53,53,100
2561,05,ปปส.ภาค 5,50,เชียงใหม่,259,259,100,25,25,100,234,234,100
2561,05,ปปส.ภาค 5,51,ลำพูน,83,83,100,15,15,100,68,68,100
2561,05,ปปส.ภาค 5,52,ลำปาง,192,192,100,15,15,100,177,177,100
2561,05,ปปส.ภาค 5,54,แพร่,64,64,100,6,6,100,58,58,100
2561,05,ปปส.ภาค 5,55,น่าน,86,86,100,2,2,100,84,84,100
2561,05,ปปส.ภาค 5,56,พะเยา,105,105,100,4,4,100,101,101,100
2561,05,ปปส.ภาค 5,57,เชียงราย,132,132,100,5,5,100,127,127,100
2561,05,ปปส.ภาค 5,58,แม่ฮ่องสอน,18,18,100,1,1,100,17,17,100
2561,06,ปปส.ภาค 6,53,อุตรดิตถ์,116,116,100,11,11,100,105,105,100
2561,06,ปปส.ภาค 6,60,นครสวรรค์,269,269,100,20,20,100,249,249,100
2561,06,ปปส.ภาค 6,61,อุทัยธานี,44,44,100,1,1,100,43,43,100
2561,06,ปปส.ภาค 6,62,กำแพงเพชร,134,134,100,8,8,100,126,126,100
2561,06,ปปส.ภาค 6,63,ตาก,48,48,100,4,4,100,44,44,100
2561,06,ปปส.ภาค 6,64,สุโขทัย,111,111,100,7,7,100,104,104,100
2561,06,ปปส.ภาค 6,65,พิษณุโลก,108,108,100,3,3,100,105,105,100
2561,06,ปปส.ภาค 6,66,พิจิตร,137,137,100,16,16,100,121,121,100
2561,06,ปปส.ภาค 6,67,เพชรบูรณ์,222,222,100,12,12,100,210,210,100
2561,07,ปปส.ภาค 7,70,ราชบุรี,209,209,100,15,15,100,194,194,100
2561,07,ปปส.ภาค 7,71,กาญจนบุรี,236,236,100,23,23,100,213,213,100
2561,07,ปปส.ภาค 7,72,สุพรรณบุรี,275,275,100,23,23,100,252,252,100
2561,07,ปปส.ภาค 7,73,นครปฐม,296,296,100,56,56,100,240,240,100
2561,07,ปปส.ภาค 7,74,สมุทรสาคร,234,234,100,46,46,100,188,188,100
2561,07,ปปส.ภาค 7,75,สมุทรสงคราม,31,31,100,4,4,100,27,27,100
2561,07,ปปส.ภาค 7,76,เพชรบุรี,105,105,100,13,13,100,92,92,100
2561,07,ปปส.ภาค 7,77,ประจวบคีรีขันธ์,175,175,100,17,17,100,158,158,100
2561,08,ปปส.ภาค 8,80,นครศรีธรรมราช,346,346,100,38,38,100,308,308,100
2561,08,ปปส.ภาค 8,81,กระบี่,140,140,100,14,14,100,126,126,100
2561,08,ปปส.ภาค 8,82,พังงา,73,73,100,6,6,100,67,67,100
2561,08,ปปส.ภาค 8,83,ภูเก็ต,139,139,100,29,29,100,110,110,100
2561,08,ปปส.ภาค 8,84,สุราษฎร์ธานี,242,242,100,45,45,100,197,197,100
2561,08,ปปส.ภาค 8,85,ระนอง,18,18,100,3,3,100,15,15,100
2561,08,ปปส.ภาค 8,86,ชุมพร,132,132,100,24,24,100,108,108,100
2561,09,ปปส.ภาค 9,90,สงขลา,191,191,100,33,33,100,158,158,100
2561,09,ปปส.ภาค 9,91,สตูล,31,31,100,2,2,100,29,29,100
2561,09,ปปส.ภาค 9,92,ตรัง,121,121,100,16,16,100,105,105,100
2561,09,ปปส.ภาค 9,93,พัทลุง,53,53,100,3,3,100,50,50,100
2561,09,ปปส.ภาค 9,94,ปัตตานี,18,18,100,4,4,100,14,14,100
2561,09,ปปส.ภาค 9,95,ยะลา,19,19,100,4,4,100,15,15,100
2561,09,ปปส.ภาค 9,96,นราธิวาส,17,17,100,3,3,100,14,14,100
2561,10,กรุงเทพมหานคร,10,กรุงเทพมหานคร,3051,3051,100,897,897,100,2154,2154,100
2562,01,ปปส.ภาค 1,11,สมุทรปราการ,487,481,98.77,128,128,100,359,353,98.33
2562,01,ปปส.ภาค 1,12,นนทบุรี,474,466,98.31,116,116,100,358,350,97.77
2562,01,ปปส.ภาค 1,13,ปทุมธานี,529,529,100,121,121,100,408,408,100
2562,01,ปปส.ภาค 1,14,พระนครศรีอยุธยา,416,415,99.76,40,40,100,376,375,99.73
2562,01,ปปส.ภาค 1,15,อ่างทอง,105,105,100,4,4,100,101,101,100
2562,01,ปปส.ภาค 1,16,ลพบุรี,266,266,100,14,14,100,252,252,100
2562,01,ปปส.ภาค 1,17,สิงห์บุรี,71,71,100,7,7,100,64,64,100
2562,01,ปปส.ภาค 1,18,ชัยนาท,86,86,100,7,7,100,79,79,100
2562,01,ปปส.ภาค 1,19,สระบุรี,322,322,100,38,38,100,284,284,100
2562,02,ปปส.ภาค 2,20,ชลบุรี,584,584,100,132,132,100,452,452,100
2562,02,ปปส.ภาค 2,21,ระยอง,237,237,100,27,27,100,210,210,100
2562,02,ปปส.ภาค 2,22,จันทบุรี,152,152,100,11,11,100,141,141,100
2562,02,ปปส.ภาค 2,23,ตราด,36,36,100,1,1,100,35,35,100
2562,02,ปปส.ภาค 2,24,ฉะเชิงเทรา,213,213,100,36,36,100,177,177,100
2562,02,ปปส.ภาค 2,25,ปราจีนบุรี,105,105,100,10,10,100,95,95,100
2562,02,ปปส.ภาค 2,26,นครนายก,86,86,100,9,9,100,77,77,100
2562,02,ปปส.ภาค 2,27,สระแก้ว,100,100,100,5,5,100,95,95,100
2562,03,ปปส.ภาค 3,30,นครราชสีมา,346,346,100,24,24,100,322,322,100
2562,03,ปปส.ภาค 3,31,บุรีรัมย์,151,151,100,10,10,100,141,141,100
2562,03,ปปส.ภาค 3,32,สุรินทร์,62,62,100,3,3,100,59,59,100
2562,03,ปปส.ภาค 3,33,ศรีสะเกษ,239,239,100,11,11,100,228,228,100
2562,03,ปปส.ภาค 3,34,อุบลราชธานี,198,198,100,15,15,100,183,183,100
2562,03,ปปส.ภาค 3,35,ยโสธร,63,63,100,1,1,100,62,62,100
2562,03,ปปส.ภาค 3,36,ชัยภูมิ,164,164,100,13,13,100,151,151,100
2562,03,ปปส.ภาค 3,37,อำนาจเจริญ,54,54,100,3,3,100,51,51,100
2562,04,ปปส.ภาค 4,38,บึงกาฬ,72,72,100,3,3,100,69,69,100
2562,04,ปปส.ภาค 4,39,หนองบัวลำภู,68,68,100,6,6,100,62,62,100
2562,04,ปปส.ภาค 4,40,ขอนแก่น,367,367,100,34,34,100,333,333,100
2562,04,ปปส.ภาค 4,41,อุดรธานี,278,278,100,19,19,100,259,259,100
2562,04,ปปส.ภาค 4,42,เลย,105,105,100,8,8,100,97,97,100
2562,04,ปปส.ภาค 4,43,หนองคาย,75,75,100,6,6,100,69,69,100
2562,04,ปปส.ภาค 4,44,มหาสารคาม,169,169,100,15,15,100,154,154,100
2562,04,ปปส.ภาค 4,45,ร้อยเอ็ด,230,230,100,16,16,100,214,214,100
2562,04,ปปส.ภาค 4,46,กาฬสินธุ์,214,214,100,10,10,100,204,204,100
2562,04,ปปส.ภาค 4,47,สกลนคร,152,152,100,11,11,100,141,141,100
2562,04,ปปส.ภาค 4,48,นครพนม,100,100,100,11,11,100,89,89,100
2562,04,ปปส.ภาค 4,49,มุกดาหาร,40,40,100,0,0,0,40,40,100
2562,05,ปปส.ภาค 5,50,เชียงใหม่,253,253,100,18,18,100,235,235,100
2562,05,ปปส.ภาค 5,51,ลำพูน,82,82,100,11,11,100,71,71,100
2562,05,ปปส.ภาค 5,52,ลำปาง,145,145,100,14,14,100,131,131,100
2562,05,ปปส.ภาค 5,54,แพร่,67,67,100,1,1,100,66,66,100
2562,05,ปปส.ภาค 5,55,น่าน,83,83,100,4,4,100,79,79,100
2562,05,ปปส.ภาค 5,56,พะเยา,78,78,100,3,3,100,75,75,100
2562,05,ปปส.ภาค 5,57,เชียงราย,114,114,100,6,6,100,108,108,100
2562,05,ปปส.ภาค 5,58,แม่ฮ่องสอน,11,11,100,1,1,100,10,10,100
2562,06,ปปส.ภาค 6,53,อุตรดิตถ์,100,100,100,7,7,100,93,93,100
2562,06,ปปส.ภาค 6,60,นครสวรรค์,284,284,100,21,21,100,263,263,100
2562,06,ปปส.ภาค 6,61,อุทัยธานี,35,35,100,0,0,0,35,35,100
2562,06,ปปส.ภาค 6,62,กำแพงเพชร,132,132,100,4,4,100,128,128,100
2562,06,ปปส.ภาค 6,63,ตาก,88,86,97.73,3,3,100,85,83,97.65
2562,06,ปปส.ภาค 6,64,สุโขทัย,131,131,100,7,7,100,124,124,100
2562,06,ปปส.ภาค 6,65,พิษณุโลก,127,127,100,5,5,100,122,122,100
2562,06,ปปส.ภาค 6,66,พิจิตร,140,140,100,7,7,100,133,133,100
2562,06,ปปส.ภาค 6,67,เพชรบูรณ์,219,219,100,15,15,100,204,204,100
2562,07,ปปส.ภาค 7,70,ราชบุรี,218,218,100,19,19,100,199,199,100
2562,07,ปปส.ภาค 7,71,กาญจนบุรี,309,309,100,22,22,100,287,287,100
2562,07,ปปส.ภาค 7,72,สุพรรณบุรี,251,251,100,14,14,100,237,237,100
2562,07,ปปส.ภาค 7,73,นครปฐม,287,287,100,29,29,100,258,258,100
2562,07,ปปส.ภาค 7,74,สมุทรสาคร,220,220,100,30,30,100,190,190,100
2562,07,ปปส.ภาค 7,75,สมุทรสงคราม,25,25,100,1,1,100,24,24,100
2562,07,ปปส.ภาค 7,76,เพชรบุรี,99,99,100,11,11,100,88,88,100
2562,07,ปปส.ภาค 7,77,ประจวบคีรีขันธ์,193,193,100,13,13,100,180,180,100
2562,08,ปปส.ภาค 8,80,นครศรีธรรมราช,392,392,100,31,31,100,361,361,100
2562,08,ปปส.ภาค 8,81,กระบี่,142,142,100,11,11,100,131,131,100
2562,08,ปปส.ภาค 8,82,พังงา,88,88,100,8,8,100,80,80,100
2562,08,ปปส.ภาค 8,83,ภูเก็ต,166,166,100,34,34,100,132,132,100
2562,08,ปปส.ภาค 8,84,สุราษฎร์ธานี,273,273,100,27,27,100,246,246,100
2562,08,ปปส.ภาค 8,85,ระนอง,21,21,100,0,0,0,21,21,100
2562,08,ปปส.ภาค 8,86,ชุมพร,138,138,100,20,20,100,118,118,100
2562,09,ปปส.ภาค 9,90,สงขลา,254,254,100,39,39,100,215,215,100
2562,09,ปปส.ภาค 9,91,สตูล,52,52,100,3,3,100,49,49,100
2562,09,ปปส.ภาค 9,92,ตรัง,133,133,100,17,17,100,116,116,100
2562,09,ปปส.ภาค 9,93,พัทลุง,62,62,100,7,7,100,55,55,100
2562,09,ปปส.ภาค 9,94,ปัตตานี,27,27,100,1,1,100,26,26,100
2562,09,ปปส.ภาค 9,95,ยะลา,36,36,100,8,8,100,28,28,100
2562,09,ปปส.ภาค 9,96,นราธิวาส,37,37,100,3,3,100,34,34,100
2562,10,กรุงเทพมหานคร,10,กรุงเทพมหานคร,2787,2787,100,714,714,100,2073,2073,100
2563,01,ปปส.ภาค 1,11,สมุทรปราการ,519,506,97.5,108,104,96.3,411,402,97.81
2563,01,ปปส.ภาค 1,12,นนทบุรี,526,526,100,110,110,100,416,416,100
2563,01,ปปส.ภาค 1,13,ปทุมธานี,519,504,97.11,118,114,96.61,401,390,97.26
2563,01,ปปส.ภาค 1,14,พระนครศรีอยุธยา,376,373,99.2,30,30,100,346,343,99.13
2563,01,ปปส.ภาค 1,15,อ่างทอง,106,106,100,7,7,100,99,99,100
2563,01,ปปส.ภาค 1,16,ลพบุรี,214,214,100,12,12,100,202,202,100
2563,01,ปปส.ภาค 1,17,สิงห์บุรี,68,68,100,3,3,100,65,65,100
2563,01,ปปส.ภาค 1,18,ชัยนาท,88,88,100,5,5,100,83,83,100
2563,01,ปปส.ภาค 1,19,สระบุรี,193,193,100,25,25,100,168,168,100
2563,02,ปปส.ภาค 2,20,ชลบุรี,451,446,98.89,94,92,97.87,357,354,99.16
2563,02,ปปส.ภาค 2,21,ระยอง,217,212,97.7,32,31,96.88,185,181,97.84
2563,02,ปปส.ภาค 2,22,จันทบุรี,130,130,100,15,15,100,115,115,100
2563,02,ปปส.ภาค 2,23,ตราด,38,38,100,2,2,100,36,36,100
2563,02,ปปส.ภาค 2,24,ฉะเชิงเทรา,267,262,98.13,33,33,100,234,229,97.86
2563,02,ปปส.ภาค 2,25,ปราจีนบุรี,89,83,93.26,11,11,100,78,72,92.31
2563,02,ปปส.ภาค 2,26,นครนายก,77,77,100,1,1,100,76,76,100
2563,02,ปปส.ภาค 2,27,สระแก้ว,80,79,98.75,4,4,100,76,75,98.68
2563,03,ปปส.ภาค 3,30,นครราชสีมา,299,299,100,29,29,100,270,270,100
2563,03,ปปส.ภาค 3,31,บุรีรัมย์,192,192,100,11,11,100,181,181,100
2563,03,ปปส.ภาค 3,32,สุรินทร์,102,102,100,9,9,100,93,93,100
2563,03,ปปส.ภาค 3,33,ศรีสะเกษ,270,270,100,9,9,100,261,261,100
2563,03,ปปส.ภาค 3,34,อุบลราชธานี,237,237,100,16,16,100,221,221,100
2563,03,ปปส.ภาค 3,35,ยโสธร,78,78,100,6,6,100,72,72,100
2563,03,ปปส.ภาค 3,36,ชัยภูมิ,166,166,100,12,12,100,154,154,100
2563,03,ปปส.ภาค 3,37,อำนาจเจริญ,56,56,100,5,5,100,51,51,100
2563,04,ปปส.ภาค 4,38,บึงกาฬ,75,75,100,6,6,100,69,69,100
2563,04,ปปส.ภาค 4,39,หนองบัวลำภู,96,96,100,8,8,100,88,88,100
2563,04,ปปส.ภาค 4,40,ขอนแก่น,651,651,100,29,29,100,622,622,100
2563,04,ปปส.ภาค 4,41,อุดรธานี,324,324,100,30,30,100,294,294,100
2563,04,ปปส.ภาค 4,42,เลย,122,122,100,9,9,100,113,113,100
2563,04,ปปส.ภาค 4,43,หนองคาย,91,91,100,8,8,100,83,83,100
2563,04,ปปส.ภาค 4,44,มหาสารคาม,135,135,100,9,9,100,126,126,100
2563,04,ปปส.ภาค 4,45,ร้อยเอ็ด,314,314,100,23,23,100,291,291,100
2563,04,ปปส.ภาค 4,46,กาฬสินธุ์,215,215,100,17,17,100,198,198,100
2563,04,ปปส.ภาค 4,47,สกลนคร,198,198,100,14,14,100,184,184,100
2563,04,ปปส.ภาค 4,48,นครพนม,96,96,100,8,8,100,88,88,100
2563,04,ปปส.ภาค 4,49,มุกดาหาร,62,62,100,5,5,100,57,57,100
2563,05,ปปส.ภาค 5,50,เชียงใหม่,306,306,100,28,28,100,278,278,100
2563,05,ปปส.ภาค 5,51,ลำพูน,143,143,100,5,5,100,138,138,100
2563,05,ปปส.ภาค 5,52,ลำปาง,184,184,100,5,5,100,179,179,100
2563,05,ปปส.ภาค 5,54,แพร่,97,97,100,6,6,100,91,91,100
2563,05,ปปส.ภาค 5,55,น่าน,72,72,100,3,3,100,69,69,100
2563,05,ปปส.ภาค 5,56,พะเยา,136,136,100,3,3,100,133,133,100
2563,05,ปปส.ภาค 5,57,เชียงราย,161,161,100,9,9,100,152,152,100
2563,05,ปปส.ภาค 5,58,แม่ฮ่องสอน,33,33,100,1,1,100,32,32,100
2563,06,ปปส.ภาค 6,53,อุตรดิตถ์,150,148,98.67,8,8,100,142,140,98.59
2563,06,ปปส.ภาค 6,60,นครสวรรค์,310,307,99.03,15,15,100,295,292,98.98
2563,06,ปปส.ภาค 6,61,อุทัยธานี,52,52,100,2,2,100,50,50,100
2563,06,ปปส.ภาค 6,62,กำแพงเพชร,109,109,100,4,4,100,105,105,100
2563,06,ปปส.ภาค 6,63,ตาก,82,81,98.78,8,7,87.5,74,74,100
2563,06,ปปส.ภาค 6,64,สุโขทัย,116,116,100,8,8,100,108,108,100
2563,06,ปปส.ภาค 6,65,พิษณุโลก,143,141,98.6,11,11,100,132,130,98.48
2563,06,ปปส.ภาค 6,66,พิจิตร,135,127,94.07,10,10,100,125,117,93.6
2563,06,ปปส.ภาค 6,67,เพชรบูรณ์,285,285,100,22,22,100,263,263,100
2563,07,ปปส.ภาค 7,70,ราชบุรี,240,238,99.17,6,6,100,234,232,99.15
2563,07,ปปส.ภาค 7,71,กาญจนบุรี,373,370,99.2,22,22,100,351,348,99.15
2563,07,ปปส.ภาค 7,72,สุพรรณบุรี,307,307,100,46,46,100,261,261,100
2563,07,ปปส.ภาค 7,73,นครปฐม,208,208,100,36,36,100,172,172,100
2563,07,ปปส.ภาค 7,74,สมุทรสาคร,247,247,100,42,42,100,205,205,100
2563,07,ปปส.ภาค 7,75,สมุทรสงคราม,38,38,100,5,5,100,33,33,100
2563,07,ปปส.ภาค 7,76,เพชรบุรี,120,120,100,4,4,100,116,116,100
2563,07,ปปส.ภาค 7,77,ประจวบคีรีขันธ์,247,247,100,29,29,100,218,218,100
2563,08,ปปส.ภาค 8,80,นครศรีธรรมราช,485,485,100,52,52,100,433,433,100
2563,08,ปปส.ภาค 8,81,กระบี่,147,147,100,12,12,100,135,135,100
2563,08,ปปส.ภาค 8,82,พังงา,116,115,99.14,9,9,100,107,106,99.07
2563,08,ปปส.ภาค 8,83,ภูเก็ต,176,176,100,48,48,100,128,128,100
2563,08,ปปส.ภาค 8,84,สุราษฎร์ธานี,404,398,98.51,37,37,100,367,361,98.37
2563,08,ปปส.ภาค 8,85,ระนอง,21,21,100,3,3,100,18,18,100
2563,08,ปปส.ภาค 8,86,ชุมพร,152,151,99.34,11,11,100,141,140,99.29
2563,09,ปปส.ภาค 9,90,สงขลา,295,295,100,45,45,100,250,250,100
2563,09,ปปส.ภาค 9,91,สตูล,52,52,100,6,6,100,46,46,100
2563,09,ปปส.ภาค 9,92,ตรัง,122,122,100,11,11,100,111,111,100
2563,09,ปปส.ภาค 9,93,พัทลุง,91,91,100,5,5,100,86,86,100
2563,09,ปปส.ภาค 9,94,ปัตตานี,44,44,100,4,4,100,40,40,100
2563,09,ปปส.ภาค 9,95,ยะลา,34,34,100,4,4,100,30,30,100
2563,09,ปปส.ภาค 9,96,นราธิวาส,35,35,100,0,0,0,35,35,100
2563,10,กรุงเทพมหานคร,10,กรุงเทพมหานคร,2568,2402,93.54,545,510,93.58,2023,1892,93.52
2564,06,ปปส.ภาค 6,60,นครสวรรค์,303,303,100,12,12,100,291,291,100
2564,06,ปปส.ภาค 6,61,อุทัยธานี,66,66,100,5,5,100,61,61,100
2564,06,ปปส.ภาค 6,62,กำแพงเพชร,116,116,100,6,6,100,110,110,100
2564,06,ปปส.ภาค 6,63,ตาก,113,113,100,7,7,100,106,106,100
2564,06,ปปส.ภาค 6,64,สุโขทัย,138,138,100,12,12,100,126,126,100
2564,06,ปปส.ภาค 6,65,พิษณุโลก,185,185,100,8,8,100,177,177,100
2564,06,ปปส.ภาค 6,66,พิจิตร,133,131,98.5,9,9,100,124,122,98.39
2564,06,ปปส.ภาค 6,67,เพชรบูรณ์,306,306,100,16,16,100,290,290,100
2564,07,ปปส.ภาค 7,70,ราชบุรี,217,212,97.7,12,12,100,205,200,97.56
2564,07,ปปส.ภาค 7,71,กาญจนบุรี,378,364,96.3,24,22,91.67,354,342,96.61
2564,07,ปปส.ภาค 7,72,สุพรรณบุรี,320,310,96.88,29,28,96.55,291,282,96.91
2564,07,ปปส.ภาค 7,73,นครปฐม,321,317,98.75,44,44,100,277,273,98.56
2564,07,ปปส.ภาค 7,74,สมุทรสาคร,232,230,99.14,30,30,100,202,200,99.01
2564,07,ปปส.ภาค 7,75,สมุทรสงคราม,52,52,100,3,3,100,49,49,100
2564,07,ปปส.ภาค 7,76,เพชรบุรี,136,134,98.53,8,8,100,128,126,98.44
2564,07,ปปส.ภาค 7,77,ประจวบคีรีขันธ์,209,204,97.61,14,13,92.86,195,191,97.95
2564,08,ปปส.ภาค 8,80,นครศรีธรรมราช,619,510,82.39,50,45,90,569,465,81.72
2564,08,ปปส.ภาค 8,81,กระบี่,148,130,87.84,9,8,88.89,139,122,87.77
2564,08,ปปส.ภาค 8,82,พังงา,108,108,100,5,5,100,103,103,100
2564,08,ปปส.ภาค 8,83,ภูเก็ต,138,136,98.55,20,20,100,118,116,98.31
2564,08,ปปส.ภาค 8,84,สุราษฎร์ธานี,436,371,85.09,28,21,75,408,350,85.78
2564,08,ปปส.ภาค 8,85,ระนอง,35,35,100,0,0,0,35,35,100
2564,08,ปปส.ภาค 8,86,ชุมพร,193,118,61.14,15,5,33.33,178,113,63.48
2564,09,ปปส.ภาค 9,90,สงขลา,334,334,100,47,47,100,287,287,100
2564,09,ปปส.ภาค 9,91,สตูล,55,55,100,3,3,100,52,52,100
2564,09,ปปส.ภาค 9,92,ตรัง,165,165,100,2,2,100,163,163,100
2564,09,ปปส.ภาค 9,93,พัทลุง,117,117,100,5,5,100,112,112,100
2564,09,ปปส.ภาค 9,94,ปัตตานี,44,44,100,3,3,100,41,41,100
2564,09,ปปส.ภาค 9,95,ยะลา,25,25,100,3,3,100,22,22,100
2564,09,ปปส.ภาค 9,96,นราธิวาส,63,63,100,2,2,100,61,61,100
2564,10,กทม.,10,กรุงเทพมหานคร,2244,2244,100,473,473,100,1771,1771,100
2564,01,ปปส.ภาค 1,11,สมุทรปราการ,450,430,95.56,94,92,97.87,356,338,94.94
2564,01,ปปส.ภาค 1,12,นนทบุรี,471,463,98.3,98,96,97.96,373,367,98.39
2564,01,ปปส.ภาค 1,13,ปทุมธานี,431,421,97.68,69,68,98.55,362,353,97.51
2564,01,ปปส.ภาค 1,14,พระนครศรีอยุธยา,318,316,99.37,34,33,97.06,284,283,99.65
2564,01,ปปส.ภาค 1,15,อ่างทอง,97,92,94.85,11,11,100,86,81,94.19
2564,01,ปปส.ภาค 1,16,ลพบุรี,255,249,97.65,8,8,100,247,241,97.57
2564,01,ปปส.ภาค 1,17,สิงห์บุรี,86,84,97.67,3,3,100,83,81,97.59
2564,01,ปปส.ภาค 1,18,ชัยนาท,128,128,100,8,8,100,120,120,100
2564,01,ปปส.ภาค 1,19,สระบุรี,277,266,96.03,17,16,94.12,260,250,96.15
2564,02,ปปส.ภาค 2,20,ชลบุรี,378,378,100,46,46,100,332,332,100
2564,02,ปปส.ภาค 2,21,ระยอง,208,208,100,18,18,100,190,190,100
2564,02,ปปส.ภาค 2,22,จันทบุรี,136,136,100,7,7,100,129,129,100
2564,02,ปปส.ภาค 2,23,ตราด,53,53,100,6,6,100,47,47,100
2564,02,ปปส.ภาค 2,24,ฉะเชิงเทรา,272,272,100,38,38,100,234,234,100
2564,02,ปปส.ภาค 2,25,ปราจีนบุรี,108,108,100,10,10,100,98,98,100
2564,02,ปปส.ภาค 2,26,นครนายก,74,74,100,3,3,100,71,71,100
2564,02,ปปส.ภาค 2,27,สระแก้ว,87,87,100,9,9,100,78,78,100
2564,03,ปปส.ภาค 3,30,นครราชสีมา,316,316,100,17,17,100,299,299,100
2564,03,ปปส.ภาค 3,31,บุรีรัมย์,226,226,100,10,10,100,216,216,100
2564,03,ปปส.ภาค 3,32,สุรินทร์,109,109,100,9,9,100,100,100,100
2564,03,ปปส.ภาค 3,33,ศรีสะเกษ,248,248,100,17,17,100,231,231,100
2564,03,ปปส.ภาค 3,34,อุบลราชธานี,221,221,100,8,8,100,213,213,100
2564,03,ปปส.ภาค 3,35,ยโสธร,96,96,100,7,7,100,89,89,100
2564,03,ปปส.ภาค 3,36,ชัยภูมิ,214,214,100,9,9,100,205,205,100
2564,03,ปปส.ภาค 3,37,อำนาจเจริญ,60,60,100,6,6,100,54,54,100
2564,04,ปปส.ภาค 4,38,บึงกาฬ,94,93,98.94,5,5,100,89,88,98.88
2564,04,ปปส.ภาค 4,39,หนองบัวลำภู,112,108,96.43,3,3,100,109,105,96.33
2564,04,ปปส.ภาค 4,40,ขอนแก่น,370,370,100,23,23,100,347,347,100
2564,04,ปปส.ภาค 4,41,อุดรธานี,370,353,95.41,21,18,85.71,349,335,95.99
2564,04,ปปส.ภาค 4,42,เลย,137,125,91.24,10,9,90,127,116,91.34
2564,04,ปปส.ภาค 4,43,หนองคาย,82,75,91.46,5,5,100,77,70,90.91
2564,04,ปปส.ภาค 4,44,มหาสารคาม,150,150,100,11,11,100,139,139,100
2564,04,ปปส.ภาค 4,45,ร้อยเอ็ด,392,386,98.47,15,15,100,377,371,98.41
2564,04,ปปส.ภาค 4,46,กาฬสินธุ์,282,277,98.23,10,10,100,272,267,98.16
2564,04,ปปส.ภาค 4,47,สกลนคร,174,158,90.8,10,10,100,164,148,90.24
2564,04,ปปส.ภาค 4,48,นครพนม,115,115,100,5,5,100,110,110,100
2564,04,ปปส.ภาค 4,49,มุกดาหาร,44,44,100,3,3,100,41,41,100
2564,05,ปปส.ภาค 5,50,เชียงใหม่,274,261,95.26,22,21,95.45,252,240,95.24
2564,05,ปปส.ภาค 5,51,ลำพูน,147,142,96.6,5,5,100,142,137,96.48
2564,05,ปปส.ภาค 5,52,ลำปาง,220,198,90,12,10,83.33,208,188,90.38
2564,05,ปปส.ภาค 5,54,แพร่,148,143,96.62,4,3,75,144,140,97.22
2564,05,ปปส.ภาค 5,55,น่าน,84,82,97.62,1,1,100,83,81,97.59
2564,05,ปปส.ภาค 5,56,พะเยา,114,111,97.37,6,5,83.33,108,106,98.15
2564,05,ปปส.ภาค 5,57,เชียงราย,195,193,98.97,12,11,91.67,183,182,99.45
2564,05,ปปส.ภาค 5,58,แม่ฮ่องสอน,23,23,100,0,0,0,23,23,100
2564,06,ปปส.ภาค 6,53,อุตรดิตถ์,140,140,100,6,6,100,134,134,100
2565,01,ปปส.ภาค 1,11,สมุทรปราการ,368,368,100,52,52,100,316,316,100
2565,01,ปปส.ภาค 1,12,นนทบุรี,354,354,100,60,60,100,294,294,100
2565,01,ปปส.ภาค 1,13,ปทุมธานี,410,406,99.02,61,61,100,349,345,98.85
2565,01,ปปส.ภาค 1,14,พระนครศรีอยุธยา,288,277,96.18,19,18,94.74,269,259,96.28
2565,01,ปปส.ภาค 1,15,อ่างทอง,106,106,100,3,3,100,103,103,100
2565,01,ปปส.ภาค 1,16,ลพบุรี,287,243,84.67,17,15,88.24,270,228,84.44
2565,01,ปปส.ภาค 1,17,สิงห์บุรี,85,85,100,4,4,100,81,81,100
2565,01,ปปส.ภาค 1,18,ชัยนาท,81,68,83.95,6,6,100,75,62,82.67
2565,01,ปปส.ภาค 1,19,สระบุรี,269,269,100,17,17,100,252,252,100
2565,02,ปปส.ภาค 2,20,ชลบุรี,357,357,100,44,44,100,313,313,100
2565,02,ปปส.ภาค 2,21,ระยอง,237,237,100,27,27,100,210,210,100
2565,02,ปปส.ภาค 2,22,จันทบุรี,119,119,100,10,10,100,109,109,100
2565,02,ปปส.ภาค 2,23,ตราด,37,37,100,0,0,0,37,37,100
2565,02,ปปส.ภาค 2,24,ฉะเชิงเทรา,187,187,100,15,15,100,172,172,100
2565,02,ปปส.ภาค 2,25,ปราจีนบุรี,100,100,100,14,14,100,86,86,100
2565,02,ปปส.ภาค 2,26,นครนายก,60,60,100,2,2,100,58,58,100
2565,02,ปปส.ภาค 2,27,สระแก้ว,66,66,100,4,4,100,62,62,100
2565,03,ปปส.ภาค 3,30,นครราชสีมา,347,347,100,9,9,100,338,338,100
2565,03,ปปส.ภาค 3,31,บุรีรัมย์,214,214,100,9,9,100,205,205,100
2565,03,ปปส.ภาค 3,32,สุรินทร์,106,106,100,8,8,100,98,98,100
2565,03,ปปส.ภาค 3,33,ศรีสะเกษ,196,196,100,7,7,100,189,189,100
2565,03,ปปส.ภาค 3,34,อุบลราชธานี,222,222,100,15,15,100,207,207,100
2565,03,ปปส.ภาค 3,35,ยโสธร,86,86,100,1,1,100,85,85,100
2565,03,ปปส.ภาค 3,36,ชัยภูมิ,226,226,100,7,7,100,219,219,100
2565,03,ปปส.ภาค 3,37,อำนาจเจริญ,48,48,100,3,3,100,45,45,100
2565,04,ปปส.ภาค 4,38,บึงกาฬ,120,116,96.67,3,3,100,117,113,96.58
2565,04,ปปส.ภาค 4,39,หนองบัวลำภู,86,85,98.84,1,1,100,85,84,98.82
2565,04,ปปส.ภาค 4,40,ขอนแก่น,484,462,95.45,40,37,92.5,444,425,95.72
2565,04,ปปส.ภาค 4,41,อุดรธานี,348,313,89.94,22,18,81.82,326,295,90.49
2565,04,ปปส.ภาค 4,42,เลย,160,159,99.38,5,5,100,155,154,99.35
2565,04,ปปส.ภาค 4,43,หนองคาย,89,89,100,3,3,100,86,86,100
2565,04,ปปส.ภาค 4,44,มหาสารคาม,159,156,98.11,7,6,85.71,152,150,98.68
2565,04,ปปส.ภาค 4,45,ร้อยเอ็ด,392,389,99.23,21,21,100,371,368,99.19
2565,04,ปปส.ภาค 4,46,กาฬสินธุ์,219,215,98.17,3,3,100,216,212,98.15
2565,04,ปปส.ภาค 4,47,สกลนคร,178,178,100,9,9,100,168,168,100
2565,04,ปปส.ภาค 4,48,นครพนม,105,105,100,10,10,100,95,95,100
2565,04,ปปส.ภาค 4,49,มุกดาหาร,54,54,100,0,0,0,54,54,100
2565,05,ปปส.ภาค 5,50,เชียงใหม่,348,333,95.69,30,28,93.33,318,305,95.91
2565,05,ปปส.ภาค 5,51,ลำพูน,137,131,95.62,4,2,50,133,129,96.99
2565,05,ปปส.ภาค 5,52,ลำปาง,263,234,88.97,10,8,80,253,226,89.33
2565,05,ปปส.ภาค 5,54,แพร่,160,160,100,4,4,100,156,156,100
2565,05,ปปส.ภาค 5,55,น่าน,88,88,100,5,5,100,83,83,100
2565,05,ปปส.ภาค 5,56,พะเยา,97,96,98.97,6,5,83.33,91,91,100
2565,05,ปปส.ภาค 5,57,เชียงราย,213,208,97.65,14,14,100,199,194,97.49
2565,05,ปปส.ภาค 5,58,แม่ฮ่องสอน,46,46,100,0,0,0,46,46,100
2565,06,ปปส.ภาค 6,53,อุตรดิตถ์,152,152,100,10,10,100,142,142,100
2565,06,ปปส.ภาค 6,60,นครสวรรค์,321,321,100,9,9,100,312,312,100
2565,06,ปปส.ภาค 6,61,อุทัยธานี,67,67,100,5,5,100,62,62,100
2565,06,ปปส.ภาค 6,62,กำแพงเพชร,159,159,100,5,5,100,154,154,100
2565,06,ปปส.ภาค 6,63,ตาก,98,98,100,5,5,100,93,93,100
2565,06,ปปส.ภาค 6,64,สุโขทัย,162,162,100,7,7,100,155,155,100
2565,06,ปปส.ภาค 6,65,พิษณุโลก,169,169,100,8,8,100,161,161,100
2565,06,ปปส.ภาค 6,66,พิจิตร,130,130,100,13,13,100,117,117,100
2565,06,ปปส.ภาค 6,67,เพชรบูรณ์,285,285,100,10,10,100,275,275,100
2565,07,ปปส.ภาค 7,70,ราชบุรี,249,249,100,17,17,100,232,232,100
2565,07,ปปส.ภาค 7,71,กาญจนบุรี,330,319,96.67,18,17,94.44,312,302,96.79
2565,07,ปปส.ภาค 7,72,สุพรรณบุรี,303,303,100,21,21,100,282,282,100
2565,07,ปปส.ภาค 7,73,นครปฐม,283,272,96.11,35,34,97.14,248,238,95.97
2565,07,ปปส.ภาค 7,74,สมุทรสาคร,207,206,99.52,19,19,100,188,187,99.47
2565,07,ปปส.ภาค 7,75,สมุทรสงคราม,53,53,100,4,4,100,49,49,100
2565,07,ปปส.ภาค 7,76,เพชรบุรี,138,138,100,1,1,100,137,137,100
2565,07,ปปส.ภาค 7,77,ประจวบคีรีขันธ์,222,221,99.55,12,12,100,210,209,99.52
2565,08,ปปส.ภาค 8,80,นครศรีธรรมราช,487,487,100,29,29,100,458,458,100
2565,08,ปปส.ภาค 8,81,กระบี่,140,140,100,8,8,100,132,132,100
2565,08,ปปส.ภาค 8,82,พังงา,119,119,100,3,3,100,116,116,100
2565,08,ปปส.ภาค 8,83,ภูเก็ต,125,125,100,19,19,100,106,106,100
2565,08,ปปส.ภาค 8,84,สุราษฎร์ธานี,370,370,100,25,25,100,345,345,100
2565,08,ปปส.ภาค 8,85,ระนอง,34,34,100,0,0,0,34,34,100
2565,08,ปปส.ภาค 8,86,ชุมพร,190,190,100,6,6,100,184,184,100
2565,09,ปปส.ภาค 9,90,สงขลา,237,237,100,20,20,100,217,217,100
2565,09,ปปส.ภาค 9,91,สตูล,60,60,100,2,2,100,58,58,100
2565,09,ปปส.ภาค 9,92,ตรัง,136,136,100,9,9,100,127,127,100
2565,09,ปปส.ภาค 9,93,พัทลุง,98,98,100,3,3,100,95,95,100
2565,09,ปปส.ภาค 9,94,ปัตตานี,48,48,100,2,2,100,46,46,100
2565,09,ปปส.ภาค 9,95,ยะลา,28,28,100,3,3,100,25,25,100
2565,09,ปปส.ภาค 9,96,นราธิวาส,51,51,100,1,1,100,50,50,100
2565,10,กทม.,10,กรุงเทพมหานคร,1797,1797,100,309,309,100,1488,1488,100
2566,01,ปปส.ภาค 1,11,สมุทรปราการ,348,338,97.13,59,58,98.31,289,280,96.89
2566,01,ปปส.ภาค 1,12,นนทบุรี,377,356,94.43,64,50,78.13,313,306,97.76
2566,01,ปปส.ภาค 1,13,ปทุมธานี,370,367,99.19,64,62,96.88,306,305,99.67
2566,01,ปปส.ภาค 1,14,พระนครศรีอยุธยา,318,301,94.65,21,21,100,297,280,94.28
2566,01,ปปส.ภาค 1,15,อ่างทอง,85,85,100,7,7,100,78,78,100
2566,01,ปปส.ภาค 1,16,ลพบุรี,261,254,97.32,15,15,100,246,239,97.15
2566,01,ปปส.ภาค 1,17,สิงห์บุรี,67,67,100,4,4,100,63,63,100
2566,01,ปปส.ภาค 1,18,ชัยนาท,111,102,91.89,3,2,66.67,108,100,92.59
2566,01,ปปส.ภาค 1,19,สระบุรี,213,213,100,26,26,100,187,187,100
2566,02,ปปส.ภาค 2,20,ชลบุรี,396,389,98.23,72,72,100,324,317,97.84
2566,02,ปปส.ภาค 2,21,ระยอง,265,250,94.34,32,32,100,233,218,93.56
2566,02,ปปส.ภาค 2,22,จันทบุรี,109,103,94.5,8,8,100,101,95,94.06
2566,02,ปปส.ภาค 2,23,ตราด,36,32,88.89,2,2,100,34,30,88.24
2566,02,ปปส.ภาค 2,24,ฉะเชิงเทรา,185,185,100,18,18,100,167,167,100
2566,02,ปปส.ภาค 2,25,ปราจีนบุรี,92,88,95.65,10,10,100,82,78,95.12
2566,02,ปปส.ภาค 2,26,นครนายก,75,72,96,5,5,100,70,67,95.71
2566,02,ปปส.ภาค 2,27,สระแก้ว,111,111,100,11,11,100,100,100,100
2566,03,ปปส.ภาค 3,30,นครราชสีมา,400,400,100,28,28,100,372,372,100
2566,03,ปปส.ภาค 3,31,บุรีรัมย์,204,204,100,11,11,100,193,193,100
2566,03,ปปส.ภาค 3,32,สุรินทร์,112,112,100,7,7,100,105,105,100
2566,03,ปปส.ภาค 3,33,ศรีสะเกษ,194,194,100,11,11,100,183,183,100
2566,03,ปปส.ภาค 3,34,อุบลราชธานี,200,199,99.5,11,10,90.91,189,189,100
2566,03,ปปส.ภาค 3,35,ยโสธร,76,76,100,4,4,100,72,72,100
2566,03,ปปส.ภาค 3,36,ชัยภูมิ,236,236,100,12,12,100,224,224,100
2566,03,ปปส.ภาค 3,37,อำนาจเจริญ,45,45,100,0,0,0,45,45,100
2566,04,ปปส.ภาค 4,38,บึงกาฬ,69,47,68.12,2,1,50,67,46,68.66
2566,04,ปปส.ภาค 4,39,หนองบัวลำภู,79,67,84.81,3,3,100,76,64,84.21
2566,04,ปปส.ภาค 4,40,ขอนแก่น,494,425,86.03,35,29,82.86,459,396,86.27
2566,04,ปปส.ภาค 4,41,อุดรธานี,318,279,87.74,20,16,80,298,263,88.26
2566,04,ปปส.ภาค 4,42,เลย,178,174,97.75,5,5,100,173,169,97.69
2566,04,ปปส.ภาค 4,43,หนองคาย,63,48,76.19,5,4,80,58,44,75.86
2566,04,ปปส.ภาค 4,44,มหาสารคาม,160,131,81.88,5,3,60,155,128,82.58
2566,04,ปปส.ภาค 4,45,ร้อยเอ็ด,385,248,64.42,14,7,50,371,241,64.96
2566,04,ปปส.ภาค 4,46,กาฬสินธุ์,186,138,74.19,11,6,54.55,175,132,75.43
2566,04,ปปส.ภาค 4,47,สกลนคร,207,184,88.89,9,8,88.89,198,176,88.89
2566,04,ปปส.ภาค 4,48,นครพนม,96,66,68.75,3,3,100,93,63,67.74
2566,04,ปปส.ภาค 4,49,มุกดาหาร,27,23,85.19,2,1,50,25,22,88
2566,05,ปปส.ภาค 5,50,เชียงใหม่,279,275,98.57,37,37,100,242,238,98.35
2566,05,ปปส.ภาค 5,51,ลำพูน,130,117,90,12,10,83.33,118,107,90.68
2566,05,ปปส.ภาค 5,52,ลำปาง,266,266,100,8,8,100,258,258,100
2566,05,ปปส.ภาค 5,54,แพร่,249,249,100,10,10,100,239,239,100
2566,05,ปปส.ภาค 5,55,น่าน,128,127,99.22,4,4,100,124,123,99.19
2566,05,ปปส.ภาค 5,56,พะเยา,86,82,95.35,4,3,75,82,79,96.34
2566,05,ปปส.ภาค 5,57,เชียงราย,222,219,98.65,13,13,100,209,206,98.56
2566,05,ปปส.ภาค 5,58,แม่ฮ่องสอน,52,52,100,1,1,100,51,51,100
2566,06,ปปส.ภาค 6,53,อุตรดิตถ์,97,97,100,7,7,100,90,90,100
2566,06,ปปส.ภาค 6,60,นครสวรรค์,259,259,100,13,13,100,246,246,100
2566,06,ปปส.ภาค 6,61,อุทัยธานี,56,56,100,1,1,100,55,55,100
2566,06,ปปส.ภาค 6,62,กำแพงเพชร,117,117,100,4,4,100,113,113,100
2566,06,ปปส.ภาค 6,63,ตาก,119,113,94.96,8,8,100,111,105,94.59
2566,06,ปปส.ภาค 6,64,สุโขทัย,142,142,100,10,10,100,132,132,100
2566,06,ปปส.ภาค 6,65,พิษณุโลก,161,156,96.89,13,13,100,148,143,96.62
2566,06,ปปส.ภาค 6,66,พิจิตร,136,136,100,9,9,100,127,127,100
2566,06,ปปส.ภาค 6,67,เพชรบูรณ์,226,226,100,13,13,100,213,213,100
2566,07,ปปส.ภาค 7,70,ราชบุรี,228,228,100,12,12,100,216,216,100
2566,07,ปปส.ภาค 7,71,กาญจนบุรี,361,348,96.4,25,24,96,336,324,96.43
2566,07,ปปส.ภาค 7,72,สุพรรณบุรี,308,308,100,19,19,100,289,289,100
2566,07,ปปส.ภาค 7,73,นครปฐม,264,264,100,21,21,100,243,243,100
2566,07,ปปส.ภาค 7,74,สมุทรสาคร,204,204,100,27,27,100,177,177,100
2566,07,ปปส.ภาค 7,75,สมุทรสงคราม,38,38,100,3,3,100,35,35,100
2566,07,ปปส.ภาค 7,76,เพชรบุรี,130,130,100,11,11,100,119,119,100
2566,07,ปปส.ภาค 7,77,ประจวบคีรีขันธ์,236,235,99.58,19,19,100,217,216,99.54
2566,08,ปปส.ภาค 8,80,นครศรีธรรมราช,470,448,95.32,35,32,91.43,435,416,95.63
2566,08,ปปส.ภาค 8,81,กระบี่,150,139,92.67,5,4,80,145,135,93.1
2566,08,ปปส.ภาค 8,82,พังงา,92,92,100,3,3,100,89,89,100
2566,08,ปปส.ภาค 8,83,ภูเก็ต,71,71,100,17,17,100,54,54,100
2566,08,ปปส.ภาค 8,84,สุราษฎร์ธานี,440,439,99.77,29,28,96.55,411,411,100
2566,08,ปปส.ภาค 8,85,ระนอง,46,44,95.65,0,0,0,46,44,95.65
2566,08,ปปส.ภาค 8,86,ชุมพร,209,177,84.69,19,12,63.16,190,165,86.84
2566,09,ปปส.ภาค 9,90,สงขลา,199,199,100,28,28,100,171,171,100
2566,09,ปปส.ภาค 9,91,สตูล,45,45,100,1,1,100,44,44,100
2566,09,ปปส.ภาค 9,92,ตรัง,132,132,100,9,9,100,123,123,100
2566,09,ปปส.ภาค 9,93,พัทลุง,104,104,100,5,5,100,99,99,100
2566,09,ปปส.ภาค 9,94,ปัตตานี,41,41,100,6,6,100,35,35,100
2566,09,ปปส.ภาค 9,95,ยะลา,24,24,100,2,2,100,22,22,100
2566,09,ปปส.ภาค 9,96,นราธิวาส,42,42,100,2,2,100,40,40,100
2566,10,กทม.,10,กรุงเทพมหานคร,1398,1362,97.42,276,276,100,1122,1086,96.79
